{"cameraMode":{"drawMode":0,"name":"Shaded","section":"Shading Mode"},"sceneLighting":true,"audioPlay":false,"sceneViewState":{"showFog":true,"showMaterialUpdate":true,"showSkybox":true,"showFlares":true,"showImageEffects":true,"showParticleSystems":true},"in2DMode":false,"pivot":{"x":1.282081961631775,"y":0.2780624032020569,"z":1.4269987344741822},"rotation":{"x":0.4277712106704712,"y":-0.3178726136684418,"z":0.16379857063293458,"w":0.8301448225975037},"size":10.52765941619873,"orthographic":true}